"Location ID","Location Name","Location Group","Location Type","Sensor ID","Local Date/Time","UTC Date/Time","Channel","PM2.5 (μg/m³) raw","0.3um particle count","CO2 (ppm) raw","Temperature (°C) raw","Humidity (%) raw","TVOC avg (ppb)","TVOC index","NOX index","PM1 (μg/m³)","PM10 (μg/m³)","TVOC raw log(R)","NOX raw log(R)","measure0","measure1","measure2","measure3","measure4","measure5","measure6","measure7","measure8","measure9","measure10","measure11","measure12","measure13","measure14","measure15","measure16","measure17","measure18","measure19"
88633,"Average PM",,"Outdoor","airgradient:ffffffffffff","2025-08-07 16:47:12","2025-08-07T09:47:12.000Z","-",14.74,,,,,,,,,,,,,,,,,,,,,,,,,,,,,,,
88633,"Average PM",,"Outdoor","airgradient:ffffffffffff","2025-08-07 16:46:11","2025-08-07T09:46:11.000Z","-",16.14,,,,,,,,,,,,,,,,,,,,,,,,,,,,,,,
88633,"Average PM",,"Outdoor","airgradient:ffffffffffff","2025-08-07 16:45:10","2025-08-07T09:45:10.000Z","-",16.64,,,,,,,,,,,,,,,,,,,,,,,,,,,,,,,
88633,"Average PM",,"Outdoor","airgradient:ffffffffffff","2025-08-07 16:44:09","2025-08-07T09:44:09.000Z","-",17.76,,,,,,,,,,,,,,,,,,,,,,,,,,,,,,,
88633,"Average PM",,"Outdoor","airgradient:ffffffffffff","2025-08-07 16:43:08","2025-08-07T09:43:08.000Z","-",18.08,,,,,,,,,,,,,,,,,,,,,,,,,,,,,,,
88633,"Average PM",,"Outdoor","airgradient:ffffffffffff","2025-08-07 16:42:07","2025-08-07T09:42:07.000Z","-",19.7,,,,,,,,,,,,,,,,,,,,,,,,,,,,,,,
88633,"Average PM",,"Outdoor","airgradient:ffffffffffff","2025-08-07 16:41:07","2025-08-07T09:41:07.000Z","-",20.52,,,,,,,,,,,,,,,,,,,,,,,,,,,,,,,
88633,"Average PM",,"Outdoor","airgradient:ffffffffffff","2025-08-07 16:40:06","2025-08-07T09:40:06.000Z","-",21.9,,,,,,,,,,,,,,,,,,,,,,,,,,,,,,,
88633,"Average PM",,"Outdoor","airgradient:ffffffffffff","2025-08-07 16:39:05","2025-08-07T09:39:05.000Z","-",23.26,,,,,,,,,,,,,,,,,,,,,,,,,,,,,,,
88633,"Average PM",,"Outdoor","airgradient:ffffffffffff","2025-08-07 16:38:04","2025-08-07T09:38:04.000Z","-",22.84,,,,,,,,,,,,,,,,,,,,,,,,,,,,,,,
88633,"Average PM",,"Outdoor","airgradient:ffffffffffff","2025-08-07 16:37:03","2025-08-07T09:37:03.000Z","-",25.24,,,,,,,,,,,,,,,,,,,,,,,,,,,,,,,
88633,"Average PM",,"Outdoor","airgradient:ffffffffffff","2025-08-07 16:36:03","2025-08-07T09:36:03.000Z","-",24.78,,,,,,,,,,,,,,,,,,,,,,,,,,,,,,,
88633,"Average PM",,"Outdoor","airgradient:ffffffffffff","2025-08-07 16:35:02","2025-08-07T09:35:02.000Z","-",25.3,,,,,,,,,,,,,,,,,,,,,,,,,,,,,,,
88633,"Average PM",,"Outdoor","airgradient:ffffffffffff","2025-08-07 16:34:01","2025-08-07T09:34:01.000Z","-",26.42,,,,,,,,,,,,,,,,,,,,,,,,,,,,,,,
88633,"Average PM",,"Outdoor","airgradient:ffffffffffff","2025-08-07 16:33:00","2025-08-07T09:33:00.000Z","-",28.48,,,,,,,,,,,,,,,,,,,,,,,,,,,,,,,
88633,"Average PM",,"Outdoor","airgradient:ffffffffffff","2025-08-07 16:31:59","2025-08-07T09:31:59.000Z","-",28.5,,,,,,,,,,,,,,,,,,,,,,,,,,,,,,,
88633,"Average PM",,"Outdoor","airgradient:ffffffffffff","2025-08-07 16:30:59","2025-08-07T09:30:59.000Z","-",29.72,,,,,,,,,,,,,,,,,,,,,,,,,,,,,,,
88633,"Average PM",,"Outdoor","airgradient:ffffffffffff","2025-08-07 16:29:58","2025-08-07T09:29:58.000Z","-",31.12,,,,,,,,,,,,,,,,,,,,,,,,,,,,,,,
88633,"Average PM",,"Outdoor","airgradient:ffffffffffff","2025-08-07 16:28:57","2025-08-07T09:28:57.000Z","-",31.28,,,,,,,,,,,,,,,,,,,,,,,,,,,,,,,
88633,"Average PM",,"Outdoor","airgradient:ffffffffffff","2025-08-07 16:27:57","2025-08-07T09:27:57.000Z","-",32.64,,,,,,,,,,,,,,,,,,,,,,,,,,,,,,,
88633,"Average PM",,"Outdoor","airgradient:ffffffffffff","2025-08-07 16:26:57","2025-08-07T09:26:57.000Z","-",33.58,,,,,,,,,,,,,,,,,,,,,,,,,,,,,,,
88633,"Average PM",,"Outdoor","airgradient:ffffffffffff","2025-08-07 16:25:56","2025-08-07T09:25:56.000Z","-",34.58,,,,,,,,,,,,,,,,,,,,,,,,,,,,,,,
88633,"Average PM",,"Outdoor","airgradient:ffffffffffff","2025-08-07 16:24:56","2025-08-07T09:24:56.000Z","-",35.3,,,,,,,,,,,,,,,,,,,,,,,,,,,,,,,
88633,"Average PM",,"Outdoor","airgradient:ffffffffffff","2025-08-07 16:23:55","2025-08-07T09:23:55.000Z","-",35.92,,,,,,,,,,,,,,,,,,,,,,,,,,,,,,,
88633,"Average PM",,"Outdoor","airgradient:ffffffffffff","2025-08-07 16:22:54","2025-08-07T09:22:54.000Z","-",36.12,,,,,,,,,,,,,,,,,,,,,,,,,,,,,,,
88633,"Average PM",,"Outdoor","airgradient:ffffffffffff","2025-08-07 16:21:54","2025-08-07T09:21:54.000Z","-",36.84,,,,,,,,,,,,,,,,,,,,,,,,,,,,,,,
88633,"Average PM",,"Outdoor","airgradient:ffffffffffff","2025-08-07 16:20:53","2025-08-07T09:20:53.000Z","-",38.34,,,,,,,,,,,,,,,,,,,,,,,,,,,,,,,
88633,"Average PM",,"Outdoor","airgradient:ffffffffffff","2025-08-07 16:19:54","2025-08-07T09:19:54.000Z","-",38.38,,,,,,,,,,,,,,,,,,,,,,,,,,,,,,,
88633,"Average PM",,"Outdoor","airgradient:ffffffffffff","2025-08-07 16:18:52","2025-08-07T09:18:52.000Z","-",39.92,,,,,,,,,,,,,,,,,,,,,,,,,,,,,,,
88633,"Average PM",,"Outdoor","airgradient:ffffffffffff","2025-08-07 16:17:51","2025-08-07T09:17:51.000Z","-",40.02,,,,,,,,,,,,,,,,,,,,,,,,,,,,,,,
88633,"Average PM",,"Outdoor","airgradient:ffffffffffff","2025-08-07 16:16:53","2025-08-07T09:16:53.000Z","-",41.54,,,,,,,,,,,,,,,,,,,,,,,,,,,,,,,
88633,"Average PM",,"Outdoor","airgradient:ffffffffffff","2025-08-07 16:15:53","2025-08-07T09:15:53.000Z","-",42.56,,,,,,,,,,,,,,,,,,,,,,,,,,,,,,,
88633,"Average PM",,"Outdoor","airgradient:ffffffffffff","2025-08-07 16:14:49","2025-08-07T09:14:49.000Z","-",42.54,,,,,,,,,,,,,,,,,,,,,,,,,,,,,,,
88633,"Average PM",,"Outdoor","airgradient:ffffffffffff","2025-08-07 16:13:49","2025-08-07T09:13:49.000Z","-",45.2,,,,,,,,,,,,,,,,,,,,,,,,,,,,,,,
88633,"Average PM",,"Outdoor","airgradient:ffffffffffff","2025-08-07 16:12:49","2025-08-07T09:12:49.000Z","-",45.62,,,,,,,,,,,,,,,,,,,,,,,,,,,,,,,
88633,"Average PM",,"Outdoor","airgradient:ffffffffffff","2025-08-07 16:11:48","2025-08-07T09:11:48.000Z","-",46.82,,,,,,,,,,,,,,,,,,,,,,,,,,,,,,,
88633,"Average PM",,"Outdoor","airgradient:ffffffffffff","2025-08-07 16:10:47","2025-08-07T09:10:47.000Z","-",47.92,,,,,,,,,,,,,,,,,,,,,,,,,,,,,,,
88633,"Average PM",,"Outdoor","airgradient:ffffffffffff","2025-08-07 16:09:46","2025-08-07T09:09:46.000Z","-",48.1,,,,,,,,,,,,,,,,,,,,,,,,,,,,,,,
88633,"Average PM",,"Outdoor","airgradient:ffffffffffff","2025-08-07 16:08:46","2025-08-07T09:08:46.000Z","-",49.96,,,,,,,,,,,,,,,,,,,,,,,,,,,,,,,
88633,"Average PM",,"Outdoor","airgradient:ffffffffffff","2025-08-07 16:07:45","2025-08-07T09:07:45.000Z","-",49.46,,,,,,,,,,,,,,,,,,,,,,,,,,,,,,,
88633,"Average PM",,"Outdoor","airgradient:ffffffffffff","2025-08-07 16:06:44","2025-08-07T09:06:44.000Z","-",50.02,,,,,,,,,,,,,,,,,,,,,,,,,,,,,,,
88633,"Average PM",,"Outdoor","airgradient:ffffffffffff","2025-08-07 16:05:43","2025-08-07T09:05:43.000Z","-",49.78,,,,,,,,,,,,,,,,,,,,,,,,,,,,,,,
88633,"Average PM",,"Outdoor","airgradient:ffffffffffff","2025-08-07 16:04:42","2025-08-07T09:04:42.000Z","-",49.72,,,,,,,,,,,,,,,,,,,,,,,,,,,,,,,
88633,"Average PM",,"Outdoor","airgradient:ffffffffffff","2025-08-07 16:03:41","2025-08-07T09:03:41.000Z","-",48.92,,,,,,,,,,,,,,,,,,,,,,,,,,,,,,,
88633,"Average PM",,"Outdoor","airgradient:ffffffffffff","2025-08-07 16:02:41","2025-08-07T09:02:41.000Z","-",48.9,,,,,,,,,,,,,,,,,,,,,,,,,,,,,,,
88633,"Average PM",,"Outdoor","airgradient:ffffffffffff","2025-08-07 16:01:40","2025-08-07T09:01:40.000Z","-",48.62,,,,,,,,,,,,,,,,,,,,,,,,,,,,,,,
88633,"Average PM",,"Outdoor","airgradient:ffffffffffff","2025-08-07 16:00:39","2025-08-07T09:00:39.000Z","-",47.96,,,,,,,,,,,,,,,,,,,,,,,,,,,,,,,
88633,"Average PM",,"Outdoor","airgradient:ffffffffffff","2025-08-07 15:59:38","2025-08-07T08:59:38.000Z","-",47.06,,,,,,,,,,,,,,,,,,,,,,,,,,,,,,,
88633,"Average PM",,"Outdoor","airgradient:ffffffffffff","2025-08-07 15:58:37","2025-08-07T08:58:37.000Z","-",46.84,,,,,,,,,,,,,,,,,,,,,,,,,,,,,,,
88633,"Average PM",,"Outdoor","airgradient:ffffffffffff","2025-08-07 15:57:37","2025-08-07T08:57:37.000Z","-",47.4,,,,,,,,,,,,,,,,,,,,,,,,,,,,,,,
88633,"Average PM",,"Outdoor","airgradient:ffffffffffff","2025-08-07 15:56:37","2025-08-07T08:56:37.000Z","-",46.76,,,,,,,,,,,,,,,,,,,,,,,,,,,,,,,
88633,"Average PM",,"Outdoor","airgradient:ffffffffffff","2025-08-07 15:55:38","2025-08-07T08:55:38.000Z","-",47.64,,,,,,,,,,,,,,,,,,,,,,,,,,,,,,,
88633,"Average PM",,"Outdoor","airgradient:ffffffffffff","2025-08-07 15:54:36","2025-08-07T08:54:36.000Z","-",48.2,,,,,,,,,,,,,,,,,,,,,,,,,,,,,,,
88633,"Average PM",,"Outdoor","airgradient:ffffffffffff","2025-08-07 15:53:36","2025-08-07T08:53:36.000Z","-",47.6,,,,,,,,,,,,,,,,,,,,,,,,,,,,,,,
88633,"Average PM",,"Outdoor","airgradient:ffffffffffff","2025-08-07 15:52:35","2025-08-07T08:52:35.000Z","-",47.34,,,,,,,,,,,,,,,,,,,,,,,,,,,,,,,
88633,"Average PM",,"Outdoor","airgradient:ffffffffffff","2025-08-07 15:51:34","2025-08-07T08:51:34.000Z","-",47.48,,,,,,,,,,,,,,,,,,,,,,,,,,,,,,,
88633,"Average PM",,"Outdoor","airgradient:ffffffffffff","2025-08-07 15:50:34","2025-08-07T08:50:34.000Z","-",47.68,,,,,,,,,,,,,,,,,,,,,,,,,,,,,,,
88633,"Average PM",,"Outdoor","airgradient:ffffffffffff","2025-08-07 15:49:33","2025-08-07T08:49:33.000Z","-",48.04,,,,,,,,,,,,,,,,,,,,,,,,,,,,,,,
88633,"Average PM",,"Outdoor","airgradient:ffffffffffff","2025-08-07 15:48:32","2025-08-07T08:48:32.000Z","-",48.28,,,,,,,,,,,,,,,,,,,,,,,,,,,,,,,
88633,"Average PM",,"Outdoor","airgradient:ffffffffffff","2025-08-07 15:47:31","2025-08-07T08:47:31.000Z","-",47.92,,,,,,,,,,,,,,,,,,,,,,,,,,,,,,,
88633,"Average PM",,"Outdoor","airgradient:ffffffffffff","2025-08-07 15:46:31","2025-08-07T08:46:31.000Z","-",48,,,,,,,,,,,,,,,,,,,,,,,,,,,,,,,
88633,"Average PM",,"Outdoor","airgradient:ffffffffffff","2025-08-07 15:45:31","2025-08-07T08:45:31.000Z","-",47.66,,,,,,,,,,,,,,,,,,,,,,,,,,,,,,,
88633,"Average PM",,"Outdoor","airgradient:ffffffffffff","2025-08-07 15:44:30","2025-08-07T08:44:30.000Z","-",47.78,,,,,,,,,,,,,,,,,,,,,,,,,,,,,,,
88633,"Average PM",,"Outdoor","airgradient:ffffffffffff","2025-08-07 15:43:29","2025-08-07T08:43:29.000Z","-",48.96,,,,,,,,,,,,,,,,,,,,,,,,,,,,,,,
88633,"Average PM",,"Outdoor","airgradient:ffffffffffff","2025-08-07 15:42:28","2025-08-07T08:42:28.000Z","-",50.2,,,,,,,,,,,,,,,,,,,,,,,,,,,,,,,
88633,"Average PM",,"Outdoor","airgradient:ffffffffffff","2025-08-07 15:41:27","2025-08-07T08:41:27.000Z","-",51.46,,,,,,,,,,,,,,,,,,,,,,,,,,,,,,,
88633,"Average PM",,"Outdoor","airgradient:ffffffffffff","2025-08-07 15:40:26","2025-08-07T08:40:26.000Z","-",51.7,,,,,,,,,,,,,,,,,,,,,,,,,,,,,,,
88633,"Average PM",,"Outdoor","airgradient:ffffffffffff","2025-08-07 15:39:25","2025-08-07T08:39:25.000Z","-",48.54,,,,,,,,,,,,,,,,,,,,,,,,,,,,,,,
88633,"Average PM",,"Outdoor","airgradient:ffffffffffff","2025-08-07 15:38:24","2025-08-07T08:38:24.000Z","-",49.4,,,,,,,,,,,,,,,,,,,,,,,,,,,,,,,
88633,"Average PM",,"Outdoor","airgradient:ffffffffffff","2025-08-07 15:37:24","2025-08-07T08:37:24.000Z","-",50.46,,,,,,,,,,,,,,,,,,,,,,,,,,,,,,,
88633,"Average PM",,"Outdoor","airgradient:ffffffffffff","2025-08-07 15:36:23","2025-08-07T08:36:23.000Z","-",50.78,,,,,,,,,,,,,,,,,,,,,,,,,,,,,,,
88633,"Average PM",,"Outdoor","airgradient:ffffffffffff","2025-08-07 15:35:22","2025-08-07T08:35:22.000Z","-",49.76,,,,,,,,,,,,,,,,,,,,,,,,,,,,,,,
88633,"Average PM",,"Outdoor","airgradient:ffffffffffff","2025-08-07 15:34:21","2025-08-07T08:34:21.000Z","-",49.2,,,,,,,,,,,,,,,,,,,,,,,,,,,,,,,
88633,"Average PM",,"Outdoor","airgradient:ffffffffffff","2025-08-07 15:33:20","2025-08-07T08:33:20.000Z","-",49.74,,,,,,,,,,,,,,,,,,,,,,,,,,,,,,,
88633,"Average PM",,"Outdoor","airgradient:ffffffffffff","2025-08-07 15:32:20","2025-08-07T08:32:20.000Z","-",50.02,,,,,,,,,,,,,,,,,,,,,,,,,,,,,,,
88633,"Average PM",,"Outdoor","airgradient:ffffffffffff","2025-08-07 15:31:19","2025-08-07T08:31:19.000Z","-",48.88,,,,,,,,,,,,,,,,,,,,,,,,,,,,,,,
88633,"Average PM",,"Outdoor","airgradient:ffffffffffff","2025-08-07 15:30:18","2025-08-07T08:30:18.000Z","-",48.8,,,,,,,,,,,,,,,,,,,,,,,,,,,,,,,
88633,"Average PM",,"Outdoor","airgradient:ffffffffffff","2025-08-07 15:29:17","2025-08-07T08:29:17.000Z","-",49.8,,,,,,,,,,,,,,,,,,,,,,,,,,,,,,,
88633,"Average PM",,"Outdoor","airgradient:ffffffffffff","2025-08-07 15:28:16","2025-08-07T08:28:16.000Z","-",50.36,,,,,,,,,,,,,,,,,,,,,,,,,,,,,,,
88633,"Average PM",,"Outdoor","airgradient:ffffffffffff","2025-08-07 15:27:16","2025-08-07T08:27:16.000Z","-",49.74,,,,,,,,,,,,,,,,,,,,,,,,,,,,,,,
88633,"Average PM",,"Outdoor","airgradient:ffffffffffff","2025-08-07 15:26:15","2025-08-07T08:26:15.000Z","-",49.5,,,,,,,,,,,,,,,,,,,,,,,,,,,,,,,
88633,"Average PM",,"Outdoor","airgradient:ffffffffffff","2025-08-07 15:25:15","2025-08-07T08:25:15.000Z","-",49.64,,,,,,,,,,,,,,,,,,,,,,,,,,,,,,,
88633,"Average PM",,"Outdoor","airgradient:ffffffffffff","2025-08-07 15:24:15","2025-08-07T08:24:15.000Z","-",49.84,,,,,,,,,,,,,,,,,,,,,,,,,,,,,,,
88633,"Average PM",,"Outdoor","airgradient:ffffffffffff","2025-08-07 15:23:14","2025-08-07T08:23:14.000Z","-",49.68,,,,,,,,,,,,,,,,,,,,,,,,,,,,,,,
88633,"Average PM",,"Outdoor","airgradient:ffffffffffff","2025-08-07 15:22:13","2025-08-07T08:22:13.000Z","-",49.18,,,,,,,,,,,,,,,,,,,,,,,,,,,,,,,
88633,"Average PM",,"Outdoor","airgradient:ffffffffffff","2025-08-07 15:21:13","2025-08-07T08:21:13.000Z","-",48.36,,,,,,,,,,,,,,,,,,,,,,,,,,,,,,,
88633,"Average PM",,"Outdoor","airgradient:ffffffffffff","2025-08-07 15:20:12","2025-08-07T08:20:12.000Z","-",49.62,,,,,,,,,,,,,,,,,,,,,,,,,,,,,,,
88633,"Average PM",,"Outdoor","airgradient:ffffffffffff","2025-08-07 15:19:11","2025-08-07T08:19:11.000Z","-",50.02,,,,,,,,,,,,,,,,,,,,,,,,,,,,,,,
88633,"Average PM",,"Outdoor","airgradient:ffffffffffff","2025-08-07 15:18:11","2025-08-07T08:18:11.000Z","-",49.66,,,,,,,,,,,,,,,,,,,,,,,,,,,,,,,
88633,"Average PM",,"Outdoor","airgradient:ffffffffffff","2025-08-07 15:17:10","2025-08-07T08:17:10.000Z","-",49.98,,,,,,,,,,,,,,,,,,,,,,,,,,,,,,,
88633,"Average PM",,"Outdoor","airgradient:ffffffffffff","2025-08-07 15:16:09","2025-08-07T08:16:09.000Z","-",48.94,,,,,,,,,,,,,,,,,,,,,,,,,,,,,,,
88633,"Average PM",,"Outdoor","airgradient:ffffffffffff","2025-08-07 15:15:08","2025-08-07T08:15:08.000Z","-",49.28,,,,,,,,,,,,,,,,,,,,,,,,,,,,,,,
88633,"Average PM",,"Outdoor","airgradient:ffffffffffff","2025-08-07 15:14:07","2025-08-07T08:14:07.000Z","-",48.84,,,,,,,,,,,,,,,,,,,,,,,,,,,,,,,
88633,"Average PM",,"Outdoor","airgradient:ffffffffffff","2025-08-07 15:13:07","2025-08-07T08:13:07.000Z","-",48.54,,,,,,,,,,,,,,,,,,,,,,,,,,,,,,,
88633,"Average PM",,"Outdoor","airgradient:ffffffffffff","2025-08-07 15:12:06","2025-08-07T08:12:06.000Z","-",46.82,,,,,,,,,,,,,,,,,,,,,,,,,,,,,,,
88633,"Average PM",,"Outdoor","airgradient:ffffffffffff","2025-08-07 15:11:05","2025-08-07T08:11:05.000Z","-",44.84,,,,,,,,,,,,,,,,,,,,,,,,,,,,,,,
88633,"Average PM",,"Outdoor","airgradient:ffffffffffff","2025-08-07 15:10:04","2025-08-07T08:10:04.000Z","-",42.68,,,,,,,,,,,,,,,,,,,,,,,,,,,,,,,
88633,"Average PM",,"Outdoor","airgradient:ffffffffffff","2025-08-07 15:09:03","2025-08-07T08:09:03.000Z","-",39.06,,,,,,,,,,,,,,,,,,,,,,,,,,,,,,,
88633,"Average PM",,"Outdoor","airgradient:ffffffffffff","2025-08-07 15:08:03","2025-08-07T08:08:03.000Z","-",36.14,,,,,,,,,,,,,,,,,,,,,,,,,,,,,,,
88633,"Average PM",,"Outdoor","airgradient:ffffffffffff","2025-08-07 15:07:02","2025-08-07T08:07:02.000Z","-",34.42,,,,,,,,,,,,,,,,,,,,,,,,,,,,,,,
88633,"Average PM",,"Outdoor","airgradient:ffffffffffff","2025-08-07 15:06:01","2025-08-07T08:06:01.000Z","-",35.52,,,,,,,,,,,,,,,,,,,,,,,,,,,,,,,
88633,"Average PM",,"Outdoor","airgradient:ffffffffffff","2025-08-07 15:05:00","2025-08-07T08:05:00.000Z","-",35.92,,,,,,,,,,,,,,,,,,,,,,,,,,,,,,,
88633,"Average PM",,"Outdoor","airgradient:ffffffffffff","2025-08-07 15:04:00","2025-08-07T08:04:00.000Z","-",36.46,,,,,,,,,,,,,,,,,,,,,,,,,,,,,,,
88633,"Average PM",,"Outdoor","airgradient:ffffffffffff","2025-08-07 15:03:00","2025-08-07T08:03:00.000Z","-",38.72,,,,,,,,,,,,,,,,,,,,,,,,,,,,,,,
88633,"Average PM",,"Outdoor","airgradient:ffffffffffff","2025-08-07 15:02:00","2025-08-07T08:02:00.000Z","-",38.42,,,,,,,,,,,,,,,,,,,,,,,,,,,,,,,
88633,"Average PM",,"Outdoor","airgradient:ffffffffffff","2025-08-07 15:00:59","2025-08-07T08:00:59.000Z","-",38.94,,,,,,,,,,,,,,,,,,,,,,,,,,,,,,,
88633,"Average PM",,"Outdoor","airgradient:ffffffffffff","2025-08-07 14:59:58","2025-08-07T07:59:58.000Z","-",38.54,,,,,,,,,,,,,,,,,,,,,,,,,,,,,,,
88633,"Average PM",,"Outdoor","airgradient:ffffffffffff","2025-08-07 14:58:57","2025-08-07T07:58:57.000Z","-",35.8,,,,,,,,,,,,,,,,,,,,,,,,,,,,,,,
88633,"Average PM",,"Outdoor","airgradient:ffffffffffff","2025-08-07 14:57:56","2025-08-07T07:57:56.000Z","-",34.8,,,,,,,,,,,,,,,,,,,,,,,,,,,,,,,
88633,"Average PM",,"Outdoor","airgradient:ffffffffffff","2025-08-07 14:56:56","2025-08-07T07:56:56.000Z","-",34.96,,,,,,,,,,,,,,,,,,,,,,,,,,,,,,,
88633,"Average PM",,"Outdoor","airgradient:ffffffffffff","2025-08-07 14:55:55","2025-08-07T07:55:55.000Z","-",36.22,,,,,,,,,,,,,,,,,,,,,,,,,,,,,,,
88633,"Average PM",,"Outdoor","airgradient:ffffffffffff","2025-08-07 14:54:55","2025-08-07T07:54:55.000Z","-",36.42,,,,,,,,,,,,,,,,,,,,,,,,,,,,,,,
88633,"Average PM",,"Outdoor","airgradient:ffffffffffff","2025-08-07 14:53:54","2025-08-07T07:53:54.000Z","-",34.4,,,,,,,,,,,,,,,,,,,,,,,,,,,,,,,
88633,"Average PM",,"Outdoor","airgradient:ffffffffffff","2025-08-07 14:52:56","2025-08-07T07:52:56.000Z","-",34.2,,,,,,,,,,,,,,,,,,,,,,,,,,,,,,,
88633,"Average PM",,"Outdoor","airgradient:ffffffffffff","2025-08-07 14:51:55","2025-08-07T07:51:55.000Z","-",35.44,,,,,,,,,,,,,,,,,,,,,,,,,,,,,,,
88633,"Average PM",,"Outdoor","airgradient:ffffffffffff","2025-08-07 14:50:55","2025-08-07T07:50:55.000Z","-",35.8,,,,,,,,,,,,,,,,,,,,,,,,,,,,,,,
88633,"Average PM",,"Outdoor","airgradient:ffffffffffff","2025-08-07 14:49:52","2025-08-07T07:49:52.000Z","-",36.92,,,,,,,,,,,,,,,,,,,,,,,,,,,,,,,
88633,"Average PM",,"Outdoor","airgradient:ffffffffffff","2025-08-07 14:48:51","2025-08-07T07:48:51.000Z","-",33.84,,,,,,,,,,,,,,,,,,,,,,,,,,,,,,,
88633,"Average PM",,"Outdoor","airgradient:ffffffffffff","2025-08-07 14:47:50","2025-08-07T07:47:50.000Z","-",34.72,,,,,,,,,,,,,,,,,,,,,,,,,,,,,,,
88633,"Average PM",,"Outdoor","airgradient:ffffffffffff","2025-08-07 14:46:49","2025-08-07T07:46:49.000Z","-",35,,,,,,,,,,,,,,,,,,,,,,,,,,,,,,,
88633,"Average PM",,"Outdoor","airgradient:ffffffffffff","2025-08-07 14:45:48","2025-08-07T07:45:48.000Z","-",33.88,,,,,,,,,,,,,,,,,,,,,,,,,,,,,,,
88633,"Average PM",,"Outdoor","airgradient:ffffffffffff","2025-08-07 14:44:48","2025-08-07T07:44:48.000Z","-",35.16,,,,,,,,,,,,,,,,,,,,,,,,,,,,,,,
88633,"Average PM",,"Outdoor","airgradient:ffffffffffff","2025-08-07 14:43:48","2025-08-07T07:43:48.000Z","-",35.24,,,,,,,,,,,,,,,,,,,,,,,,,,,,,,,
88633,"Average PM",,"Outdoor","airgradient:ffffffffffff","2025-08-07 14:42:47","2025-08-07T07:42:47.000Z","-",34.82,,,,,,,,,,,,,,,,,,,,,,,,,,,,,,,
88633,"Average PM",,"Outdoor","airgradient:ffffffffffff","2025-08-07 14:41:46","2025-08-07T07:41:46.000Z","-",34.76,,,,,,,,,,,,,,,,,,,,,,,,,,,,,,,
88633,"Average PM",,"Outdoor","airgradient:ffffffffffff","2025-08-07 14:40:45","2025-08-07T07:40:45.000Z","-",34.76,,,,,,,,,,,,,,,,,,,,,,,,,,,,,,,
88633,"Average PM",,"Outdoor","airgradient:ffffffffffff","2025-08-07 14:39:44","2025-08-07T07:39:44.000Z","-",34.4,,,,,,,,,,,,,,,,,,,,,,,,,,,,,,,
88633,"Average PM",,"Outdoor","airgradient:ffffffffffff","2025-08-07 14:38:44","2025-08-07T07:38:44.000Z","-",35.66,,,,,,,,,,,,,,,,,,,,,,,,,,,,,,,
88633,"Average PM",,"Outdoor","airgradient:ffffffffffff","2025-08-07 14:37:43","2025-08-07T07:37:43.000Z","-",34.42,,,,,,,,,,,,,,,,,,,,,,,,,,,,,,,
88633,"Average PM",,"Outdoor","airgradient:ffffffffffff","2025-08-07 14:36:42","2025-08-07T07:36:42.000Z","-",33.78,,,,,,,,,,,,,,,,,,,,,,,,,,,,,,,
88633,"Average PM",,"Outdoor","airgradient:ffffffffffff","2025-08-07 14:35:41","2025-08-07T07:35:41.000Z","-",33.78,,,,,,,,,,,,,,,,,,,,,,,,,,,,,,,
88633,"Average PM",,"Outdoor","airgradient:ffffffffffff","2025-08-07 14:34:40","2025-08-07T07:34:40.000Z","-",35.06,,,,,,,,,,,,,,,,,,,,,,,,,,,,,,,
88633,"Average PM",,"Outdoor","airgradient:ffffffffffff","2025-08-07 14:33:40","2025-08-07T07:33:40.000Z","-",35.18,,,,,,,,,,,,,,,,,,,,,,,,,,,,,,,
88633,"Average PM",,"Outdoor","airgradient:ffffffffffff","2025-08-07 14:32:39","2025-08-07T07:32:39.000Z","-",34.3,,,,,,,,,,,,,,,,,,,,,,,,,,,,,,,
88633,"Average PM",,"Outdoor","airgradient:ffffffffffff","2025-08-07 14:31:38","2025-08-07T07:31:38.000Z","-",34.14,,,,,,,,,,,,,,,,,,,,,,,,,,,,,,,
88633,"Average PM",,"Outdoor","airgradient:ffffffffffff","2025-08-07 14:30:38","2025-08-07T07:30:38.000Z","-",34.22,,,,,,,,,,,,,,,,,,,,,,,,,,,,,,,
88633,"Average PM",,"Outdoor","airgradient:ffffffffffff","2025-08-07 14:29:37","2025-08-07T07:29:37.000Z","-",34.52,,,,,,,,,,,,,,,,,,,,,,,,,,,,,,,
88633,"Average PM",,"Outdoor","airgradient:ffffffffffff","2025-08-07 14:28:36","2025-08-07T07:28:36.000Z","-",34,,,,,,,,,,,,,,,,,,,,,,,,,,,,,,,
88633,"Average PM",,"Outdoor","airgradient:ffffffffffff","2025-08-07 14:27:35","2025-08-07T07:27:35.000Z","-",33.86,,,,,,,,,,,,,,,,,,,,,,,,,,,,,,,
88633,"Average PM",,"Outdoor","airgradient:ffffffffffff","2025-08-07 14:26:34","2025-08-07T07:26:34.000Z","-",34,,,,,,,,,,,,,,,,,,,,,,,,,,,,,,,
88633,"Average PM",,"Outdoor","airgradient:ffffffffffff","2025-08-07 14:25:33","2025-08-07T07:25:33.000Z","-",34.2,,,,,,,,,,,,,,,,,,,,,,,,,,,,,,,
88633,"Average PM",,"Outdoor","airgradient:ffffffffffff","2025-08-07 14:24:32","2025-08-07T07:24:32.000Z","-",33.22,,,,,,,,,,,,,,,,,,,,,,,,,,,,,,,
88633,"Average PM",,"Outdoor","airgradient:ffffffffffff","2025-08-07 14:23:31","2025-08-07T07:23:31.000Z","-",33.4,,,,,,,,,,,,,,,,,,,,,,,,,,,,,,,
88633,"Average PM",,"Outdoor","airgradient:ffffffffffff","2025-08-07 14:22:30","2025-08-07T07:22:30.000Z","-",33.46,,,,,,,,,,,,,,,,,,,,,,,,,,,,,,,
88633,"Average PM",,"Outdoor","airgradient:ffffffffffff","2025-08-07 14:21:30","2025-08-07T07:21:30.000Z","-",32.66,,,,,,,,,,,,,,,,,,,,,,,,,,,,,,,
88633,"Average PM",,"Outdoor","airgradient:ffffffffffff","2025-08-07 14:20:29","2025-08-07T07:20:29.000Z","-",32.78,,,,,,,,,,,,,,,,,,,,,,,,,,,,,,,
88633,"Average PM",,"Outdoor","airgradient:ffffffffffff","2025-08-07 14:19:28","2025-08-07T07:19:28.000Z","-",31.78,,,,,,,,,,,,,,,,,,,,,,,,,,,,,,,
88633,"Average PM",,"Outdoor","airgradient:ffffffffffff","2025-08-07 14:18:27","2025-08-07T07:18:27.000Z","-",32.86,,,,,,,,,,,,,,,,,,,,,,,,,,,,,,,
88633,"Average PM",,"Outdoor","airgradient:ffffffffffff","2025-08-07 14:17:26","2025-08-07T07:17:26.000Z","-",33.48,,,,,,,,,,,,,,,,,,,,,,,,,,,,,,,
88633,"Average PM",,"Outdoor","airgradient:ffffffffffff","2025-08-07 14:16:25","2025-08-07T07:16:25.000Z","-",32.12,,,,,,,,,,,,,,,,,,,,,,,,,,,,,,,
88633,"Average PM",,"Outdoor","airgradient:ffffffffffff","2025-08-07 14:15:25","2025-08-07T07:15:25.000Z","-",32,,,,,,,,,,,,,,,,,,,,,,,,,,,,,,,
88633,"Average PM",,"Outdoor","airgradient:ffffffffffff","2025-08-07 14:14:25","2025-08-07T07:14:25.000Z","-",31.88,,,,,,,,,,,,,,,,,,,,,,,,,,,,,,,
88633,"Average PM",,"Outdoor","airgradient:ffffffffffff","2025-08-07 14:13:24","2025-08-07T07:13:24.000Z","-",32.62,,,,,,,,,,,,,,,,,,,,,,,,,,,,,,,
88633,"Average PM",,"Outdoor","airgradient:ffffffffffff","2025-08-07 14:12:23","2025-08-07T07:12:23.000Z","-",30.84,,,,,,,,,,,,,,,,,,,,,,,,,,,,,,,
88633,"Average PM",,"Outdoor","airgradient:ffffffffffff","2025-08-07 14:11:22","2025-08-07T07:11:22.000Z","-",30.98,,,,,,,,,,,,,,,,,,,,,,,,,,,,,,,
88633,"Average PM",,"Outdoor","airgradient:ffffffffffff","2025-08-07 14:10:21","2025-08-07T07:10:21.000Z","-",28.68,,,,,,,,,,,,,,,,,,,,,,,,,,,,,,,
88633,"Average PM",,"Outdoor","airgradient:ffffffffffff","2025-08-07 14:09:21","2025-08-07T07:09:21.000Z","-",27.46,,,,,,,,,,,,,,,,,,,,,,,,,,,,,,,
88633,"Average PM",,"Outdoor","airgradient:ffffffffffff","2025-08-07 14:08:20","2025-08-07T07:08:20.000Z","-",22.84,,,,,,,,,,,,,,,,,,,,,,,,,,,,,,,
88633,"Average PM",,"Outdoor","airgradient:ffffffffffff","2025-08-07 14:07:19","2025-08-07T07:07:19.000Z","-",23.88,,,,,,,,,,,,,,,,,,,,,,,,,,,,,,,
88633,"Average PM",,"Outdoor","airgradient:ffffffffffff","2025-08-07 14:06:18","2025-08-07T07:06:18.000Z","-",23.44,,,,,,,,,,,,,,,,,,,,,,,,,,,,,,,
88633,"Average PM",,"Outdoor","airgradient:ffffffffffff","2025-08-07 14:05:17","2025-08-07T07:05:17.000Z","-",24.78,,,,,,,,,,,,,,,,,,,,,,,,,,,,,,,
88633,"Average PM",,"Outdoor","airgradient:ffffffffffff","2025-08-07 14:04:16","2025-08-07T07:04:16.000Z","-",24.1,,,,,,,,,,,,,,,,,,,,,,,,,,,,,,,
88633,"Average PM",,"Outdoor","airgradient:ffffffffffff","2025-08-07 14:03:16","2025-08-07T07:03:16.000Z","-",23.12,,,,,,,,,,,,,,,,,,,,,,,,,,,,,,,
88633,"Average PM",,"Outdoor","airgradient:ffffffffffff","2025-08-07 14:02:15","2025-08-07T07:02:15.000Z","-",24.52,,,,,,,,,,,,,,,,,,,,,,,,,,,,,,,
88633,"Average PM",,"Outdoor","airgradient:ffffffffffff","2025-08-07 14:01:14","2025-08-07T07:01:14.000Z","-",24.26,,,,,,,,,,,,,,,,,,,,,,,,,,,,,,,
88633,"Average PM",,"Outdoor","airgradient:ffffffffffff","2025-08-07 14:00:13","2025-08-07T07:00:13.000Z","-",24.34,,,,,,,,,,,,,,,,,,,,,,,,,,,,,,,
88633,"Average PM",,"Outdoor","airgradient:ffffffffffff","2025-08-07 13:59:12","2025-08-07T06:59:12.000Z","-",24.28,,,,,,,,,,,,,,,,,,,,,,,,,,,,,,,
88633,"Average PM",,"Outdoor","airgradient:ffffffffffff","2025-08-07 13:58:12","2025-08-07T06:58:12.000Z","-",24.16,,,,,,,,,,,,,,,,,,,,,,,,,,,,,,,
88633,"Average PM",,"Outdoor","airgradient:ffffffffffff","2025-08-07 13:57:11","2025-08-07T06:57:11.000Z","-",23.38,,,,,,,,,,,,,,,,,,,,,,,,,,,,,,,
88633,"Average PM",,"Outdoor","airgradient:ffffffffffff","2025-08-07 13:56:11","2025-08-07T06:56:11.000Z","-",24.3,,,,,,,,,,,,,,,,,,,,,,,,,,,,,,,
88633,"Average PM",,"Outdoor","airgradient:ffffffffffff","2025-08-07 13:55:10","2025-08-07T06:55:10.000Z","-",24.12,,,,,,,,,,,,,,,,,,,,,,,,,,,,,,,
88633,"Average PM",,"Outdoor","airgradient:ffffffffffff","2025-08-07 13:54:09","2025-08-07T06:54:09.000Z","-",26.98,,,,,,,,,,,,,,,,,,,,,,,,,,,,,,,
88633,"Average PM",,"Outdoor","airgradient:ffffffffffff","2025-08-07 13:53:08","2025-08-07T06:53:08.000Z","-",25.12,,,,,,,,,,,,,,,,,,,,,,,,,,,,,,,
88633,"Average PM",,"Outdoor","airgradient:ffffffffffff","2025-08-07 13:52:07","2025-08-07T06:52:07.000Z","-",23.56,,,,,,,,,,,,,,,,,,,,,,,,,,,,,,,
88633,"Average PM",,"Outdoor","airgradient:ffffffffffff","2025-08-07 13:51:06","2025-08-07T06:51:06.000Z","-",23.16,,,,,,,,,,,,,,,,,,,,,,,,,,,,,,,
88633,"Average PM",,"Outdoor","airgradient:ffffffffffff","2025-08-07 13:50:06","2025-08-07T06:50:06.000Z","-",25.06,,,,,,,,,,,,,,,,,,,,,,,,,,,,,,,
88633,"Average PM",,"Outdoor","airgradient:ffffffffffff","2025-08-07 13:49:05","2025-08-07T06:49:05.000Z","-",26.72,,,,,,,,,,,,,,,,,,,,,,,,,,,,,,,
88633,"Average PM",,"Outdoor","airgradient:ffffffffffff","2025-08-07 13:48:04","2025-08-07T06:48:04.000Z","-",27.44,,,,,,,,,,,,,,,,,,,,,,,,,,,,,,,
88633,"Average PM",,"Outdoor","airgradient:ffffffffffff","2025-08-07 13:47:03","2025-08-07T06:47:03.000Z","-",29.92,,,,,,,,,,,,,,,,,,,,,,,,,,,,,,,
88633,"Average PM",,"Outdoor","airgradient:ffffffffffff","2025-08-07 13:46:02","2025-08-07T06:46:02.000Z","-",30.62,,,,,,,,,,,,,,,,,,,,,,,,,,,,,,,
88633,"Average PM",,"Outdoor","airgradient:ffffffffffff","2025-08-07 13:45:01","2025-08-07T06:45:01.000Z","-",28.88,,,,,,,,,,,,,,,,,,,,,,,,,,,,,,,
88633,"Average PM",,"Outdoor","airgradient:ffffffffffff","2025-08-07 13:44:00","2025-08-07T06:44:00.000Z","-",24.82,,,,,,,,,,,,,,,,,,,,,,,,,,,,,,,
88633,"Average PM",,"Outdoor","airgradient:ffffffffffff","2025-08-07 13:43:00","2025-08-07T06:43:00.000Z","-",24.12,,,,,,,,,,,,,,,,,,,,,,,,,,,,,,,
88633,"Average PM",,"Outdoor","airgradient:ffffffffffff","2025-08-07 13:41:59","2025-08-07T06:41:59.000Z","-",25.24,,,,,,,,,,,,,,,,,,,,,,,,,,,,,,,
88633,"Average PM",,"Outdoor","airgradient:ffffffffffff","2025-08-07 13:40:58","2025-08-07T06:40:58.000Z","-",26.06,,,,,,,,,,,,,,,,,,,,,,,,,,,,,,,
88633,"Average PM",,"Outdoor","airgradient:ffffffffffff","2025-08-07 13:39:57","2025-08-07T06:39:57.000Z","-",24.98,,,,,,,,,,,,,,,,,,,,,,,,,,,,,,,
88633,"Average PM",,"Outdoor","airgradient:ffffffffffff","2025-08-07 13:38:57","2025-08-07T06:38:57.000Z","-",24.16,,,,,,,,,,,,,,,,,,,,,,,,,,,,,,,
88633,"Average PM",,"Outdoor","airgradient:ffffffffffff","2025-08-07 13:37:56","2025-08-07T06:37:56.000Z","-",25.08,,,,,,,,,,,,,,,,,,,,,,,,,,,,,,,
88633,"Average PM",,"Outdoor","airgradient:ffffffffffff","2025-08-07 13:36:55","2025-08-07T06:36:55.000Z","-",25.14,,,,,,,,,,,,,,,,,,,,,,,,,,,,,,,
88633,"Average PM",,"Outdoor","airgradient:ffffffffffff","2025-08-07 13:35:54","2025-08-07T06:35:54.000Z","-",23.54,,,,,,,,,,,,,,,,,,,,,,,,,,,,,,,
88633,"Average PM",,"Outdoor","airgradient:ffffffffffff","2025-08-07 13:34:54","2025-08-07T06:34:54.000Z","-",23.94,,,,,,,,,,,,,,,,,,,,,,,,,,,,,,,
88633,"Average PM",,"Outdoor","airgradient:ffffffffffff","2025-08-07 13:33:53","2025-08-07T06:33:53.000Z","-",24.46,,,,,,,,,,,,,,,,,,,,,,,,,,,,,,,
88633,"Average PM",,"Outdoor","airgradient:ffffffffffff","2025-08-07 13:32:53","2025-08-07T06:32:53.000Z","-",23.44,,,,,,,,,,,,,,,,,,,,,,,,,,,,,,,
88633,"Average PM",,"Outdoor","airgradient:ffffffffffff","2025-08-07 13:31:52","2025-08-07T06:31:52.000Z","-",23.18,,,,,,,,,,,,,,,,,,,,,,,,,,,,,,,
88633,"Average PM",,"Outdoor","airgradient:ffffffffffff","2025-08-07 13:30:51","2025-08-07T06:30:51.000Z","-",24.46,,,,,,,,,,,,,,,,,,,,,,,,,,,,,,,
88633,"Average PM",,"Outdoor","airgradient:ffffffffffff","2025-08-07 13:29:51","2025-08-07T06:29:51.000Z","-",24.52,,,,,,,,,,,,,,,,,,,,,,,,,,,,,,,
88633,"Average PM",,"Outdoor","airgradient:ffffffffffff","2025-08-07 13:28:50","2025-08-07T06:28:50.000Z","-",24.38,,,,,,,,,,,,,,,,,,,,,,,,,,,,,,,
88633,"Average PM",,"Outdoor","airgradient:ffffffffffff","2025-08-07 13:27:49","2025-08-07T06:27:49.000Z","-",23.88,,,,,,,,,,,,,,,,,,,,,,,,,,,,,,,
88633,"Average PM",,"Outdoor","airgradient:ffffffffffff","2025-08-07 13:26:48","2025-08-07T06:26:48.000Z","-",24,,,,,,,,,,,,,,,,,,,,,,,,,,,,,,,
88633,"Average PM",,"Outdoor","airgradient:ffffffffffff","2025-08-07 13:25:47","2025-08-07T06:25:47.000Z","-",23.34,,,,,,,,,,,,,,,,,,,,,,,,,,,,,,,
88633,"Average PM",,"Outdoor","airgradient:ffffffffffff","2025-08-07 13:24:47","2025-08-07T06:24:47.000Z","-",23.32,,,,,,,,,,,,,,,,,,,,,,,,,,,,,,,
88633,"Average PM",,"Outdoor","airgradient:ffffffffffff","2025-08-07 13:23:47","2025-08-07T06:23:47.000Z","-",23.68,,,,,,,,,,,,,,,,,,,,,,,,,,,,,,,
88633,"Average PM",,"Outdoor","airgradient:ffffffffffff","2025-08-07 13:22:49","2025-08-07T06:22:49.000Z","-",24.24,,,,,,,,,,,,,,,,,,,,,,,,,,,,,,,
88633,"Average PM",,"Outdoor","airgradient:ffffffffffff","2025-08-07 13:21:48","2025-08-07T06:21:48.000Z","-",24.1,,,,,,,,,,,,,,,,,,,,,,,,,,,,,,,
88633,"Average PM",,"Outdoor","airgradient:ffffffffffff","2025-08-07 13:20:48","2025-08-07T06:20:48.000Z","-",24.1,,,,,,,,,,,,,,,,,,,,,,,,,,,,,,,
88633,"Average PM",,"Outdoor","airgradient:ffffffffffff","2025-08-07 13:19:45","2025-08-07T06:19:45.000Z","-",23.74,,,,,,,,,,,,,,,,,,,,,,,,,,,,,,,
88633,"Average PM",,"Outdoor","airgradient:ffffffffffff","2025-08-07 13:18:44","2025-08-07T06:18:44.000Z","-",24.04,,,,,,,,,,,,,,,,,,,,,,,,,,,,,,,
88633,"Average PM",,"Outdoor","airgradient:ffffffffffff","2025-08-07 13:17:43","2025-08-07T06:17:43.000Z","-",23.76,,,,,,,,,,,,,,,,,,,,,,,,,,,,,,,
88633,"Average PM",,"Outdoor","airgradient:ffffffffffff","2025-08-07 13:16:42","2025-08-07T06:16:42.000Z","-",25.8,,,,,,,,,,,,,,,,,,,,,,,,,,,,,,,
88633,"Average PM",,"Outdoor","airgradient:ffffffffffff","2025-08-07 13:15:41","2025-08-07T06:15:41.000Z","-",25.4,,,,,,,,,,,,,,,,,,,,,,,,,,,,,,,
88633,"Average PM",,"Outdoor","airgradient:ffffffffffff","2025-08-07 13:14:40","2025-08-07T06:14:40.000Z","-",24.66,,,,,,,,,,,,,,,,,,,,,,,,,,,,,,,
88633,"Average PM",,"Outdoor","airgradient:ffffffffffff","2025-08-07 13:13:40","2025-08-07T06:13:40.000Z","-",23.74,,,,,,,,,,,,,,,,,,,,,,,,,,,,,,,
88633,"Average PM",,"Outdoor","airgradient:ffffffffffff","2025-08-07 13:12:39","2025-08-07T06:12:39.000Z","-",25.36,,,,,,,,,,,,,,,,,,,,,,,,,,,,,,,
88633,"Average PM",,"Outdoor","airgradient:ffffffffffff","2025-08-07 13:11:38","2025-08-07T06:11:38.000Z","-",25.18,,,,,,,,,,,,,,,,,,,,,,,,,,,,,,,
88633,"Average PM",,"Outdoor","airgradient:ffffffffffff","2025-08-07 13:10:37","2025-08-07T06:10:37.000Z","-",24.84,,,,,,,,,,,,,,,,,,,,,,,,,,,,,,,
88633,"Average PM",,"Outdoor","airgradient:ffffffffffff","2025-08-07 13:09:36","2025-08-07T06:09:36.000Z","-",19.9,,,,,,,,,,,,,,,,,,,,,,,,,,,,,,,
88633,"Average PM",,"Outdoor","airgradient:ffffffffffff","2025-08-07 13:08:35","2025-08-07T06:08:35.000Z","-",12.16,,,,,,,,,,,,,,,,,,,,,,,,,,,,,,,
88633,"Average PM",,"Outdoor","airgradient:ffffffffffff","2025-08-07 13:07:34","2025-08-07T06:07:34.000Z","-",11.08,,,,,,,,,,,,,,,,,,,,,,,,,,,,,,,
88633,"Average PM",,"Outdoor","airgradient:ffffffffffff","2025-08-07 13:06:34","2025-08-07T06:06:34.000Z","-",11.66,,,,,,,,,,,,,,,,,,,,,,,,,,,,,,,
88633,"Average PM",,"Outdoor","airgradient:ffffffffffff","2025-08-07 13:05:33","2025-08-07T06:05:33.000Z","-",12.18,,,,,,,,,,,,,,,,,,,,,,,,,,,,,,,
88633,"Average PM",,"Outdoor","airgradient:ffffffffffff","2025-08-07 13:04:32","2025-08-07T06:04:32.000Z","-",13.8,,,,,,,,,,,,,,,,,,,,,,,,,,,,,,,
88633,"Average PM",,"Outdoor","airgradient:ffffffffffff","2025-08-07 13:03:31","2025-08-07T06:03:31.000Z","-",12.54,,,,,,,,,,,,,,,,,,,,,,,,,,,,,,,
88633,"Average PM",,"Outdoor","airgradient:ffffffffffff","2025-08-07 13:02:31","2025-08-07T06:02:31.000Z","-",13.56,,,,,,,,,,,,,,,,,,,,,,,,,,,,,,,
88633,"Average PM",,"Outdoor","airgradient:ffffffffffff","2025-08-07 13:01:30","2025-08-07T06:01:30.000Z","-",14.46,,,,,,,,,,,,,,,,,,,,,,,,,,,,,,,
88633,"Average PM",,"Outdoor","airgradient:ffffffffffff","2025-08-07 13:00:29","2025-08-07T06:00:29.000Z","-",14.36,,,,,,,,,,,,,,,,,,,,,,,,,,,,,,,
88633,"Average PM",,"Outdoor","airgradient:ffffffffffff","2025-08-07 12:59:29","2025-08-07T05:59:29.000Z","-",14.4,,,,,,,,,,,,,,,,,,,,,,,,,,,,,,,
88633,"Average PM",,"Outdoor","airgradient:ffffffffffff","2025-08-07 12:58:28","2025-08-07T05:58:28.000Z","-",15.24,,,,,,,,,,,,,,,,,,,,,,,,,,,,,,,
88633,"Average PM",,"Outdoor","airgradient:ffffffffffff","2025-08-07 12:57:27","2025-08-07T05:57:27.000Z","-",15.6,,,,,,,,,,,,,,,,,,,,,,,,,,,,,,,
88633,"Average PM",,"Outdoor","airgradient:ffffffffffff","2025-08-07 12:56:26","2025-08-07T05:56:26.000Z","-",14.92,,,,,,,,,,,,,,,,,,,,,,,,,,,,,,,
88633,"Average PM",,"Outdoor","airgradient:ffffffffffff","2025-08-07 12:55:25","2025-08-07T05:55:25.000Z","-",14.14,,,,,,,,,,,,,,,,,,,,,,,,,,,,,,,
88633,"Average PM",,"Outdoor","airgradient:ffffffffffff","2025-08-07 12:54:24","2025-08-07T05:54:24.000Z","-",14.4,,,,,,,,,,,,,,,,,,,,,,,,,,,,,,,
88633,"Average PM",,"Outdoor","airgradient:ffffffffffff","2025-08-07 12:53:23","2025-08-07T05:53:23.000Z","-",13.94,,,,,,,,,,,,,,,,,,,,,,,,,,,,,,,
88633,"Average PM",,"Outdoor","airgradient:ffffffffffff","2025-08-07 12:52:22","2025-08-07T05:52:22.000Z","-",10.54,,,,,,,,,,,,,,,,,,,,,,,,,,,,,,,
88633,"Average PM",,"Outdoor","airgradient:ffffffffffff","2025-08-07 12:51:22","2025-08-07T05:51:22.000Z","-",9.620001,,,,,,,,,,,,,,,,,,,,,,,,,,,,,,,
88633,"Average PM",,"Outdoor","airgradient:ffffffffffff","2025-08-07 12:50:21","2025-08-07T05:50:21.000Z","-",10.6,,,,,,,,,,,,,,,,,,,,,,,,,,,,,,,
88633,"Average PM",,"Outdoor","airgradient:ffffffffffff","2025-08-07 12:49:20","2025-08-07T05:49:20.000Z","-",11.22,,,,,,,,,,,,,,,,,,,,,,,,,,,,,,,
88633,"Average PM",,"Outdoor","airgradient:ffffffffffff","2025-08-07 12:48:19","2025-08-07T05:48:19.000Z","-",12.16,,,,,,,,,,,,,,,,,,,,,,,,,,,,,,,
88633,"Average PM",,"Outdoor","airgradient:ffffffffffff","2025-08-07 12:47:18","2025-08-07T05:47:18.000Z","-",12.32,,,,,,,,,,,,,,,,,,,,,,,,,,,,,,,
88633,"Average PM",,"Outdoor","airgradient:ffffffffffff","2025-08-07 12:46:17","2025-08-07T05:46:17.000Z","-",11.08,,,,,,,,,,,,,,,,,,,,,,,,,,,,,,,
88633,"Average PM",,"Outdoor","airgradient:ffffffffffff","2025-08-07 12:45:16","2025-08-07T05:45:16.000Z","-",11.86,,,,,,,,,,,,,,,,,,,,,,,,,,,,,,,
88633,"Average PM",,"Outdoor","airgradient:ffffffffffff","2025-08-07 12:44:16","2025-08-07T05:44:16.000Z","-",9.920001,,,,,,,,,,,,,,,,,,,,,,,,,,,,,,,
88633,"Average PM",,"Outdoor","airgradient:ffffffffffff","2025-08-07 12:43:15","2025-08-07T05:43:15.000Z","-",10.48,,,,,,,,,,,,,,,,,,,,,,,,,,,,,,,
88633,"Average PM",,"Outdoor","airgradient:ffffffffffff","2025-08-07 12:42:15","2025-08-07T05:42:15.000Z","-",11.26,,,,,,,,,,,,,,,,,,,,,,,,,,,,,,,
88633,"Average PM",,"Outdoor","airgradient:ffffffffffff","2025-08-07 12:41:14","2025-08-07T05:41:14.000Z","-",11.18,,,,,,,,,,,,,,,,,,,,,,,,,,,,,,,
88633,"Average PM",,"Outdoor","airgradient:ffffffffffff","2025-08-07 12:40:13","2025-08-07T05:40:13.000Z","-",10.58,,,,,,,,,,,,,,,,,,,,,,,,,,,,,,,
88633,"Average PM",,"Outdoor","airgradient:ffffffffffff","2025-08-07 12:39:12","2025-08-07T05:39:12.000Z","-",10,,,,,,,,,,,,,,,,,,,,,,,,,,,,,,,
88633,"Average PM",,"Outdoor","airgradient:ffffffffffff","2025-08-07 12:38:11","2025-08-07T05:38:11.000Z","-",9.98,,,,,,,,,,,,,,,,,,,,,,,,,,,,,,,
88633,"Average PM",,"Outdoor","airgradient:ffffffffffff","2025-08-07 12:37:10","2025-08-07T05:37:10.000Z","-",10.84,,,,,,,,,,,,,,,,,,,,,,,,,,,,,,,
88633,"Average PM",,"Outdoor","airgradient:ffffffffffff","2025-08-07 12:36:09","2025-08-07T05:36:09.000Z","-",10.54,,,,,,,,,,,,,,,,,,,,,,,,,,,,,,,
88633,"Average PM",,"Outdoor","airgradient:ffffffffffff","2025-08-07 12:35:09","2025-08-07T05:35:09.000Z","-",10.6,,,,,,,,,,,,,,,,,,,,,,,,,,,,,,,
88633,"Average PM",,"Outdoor","airgradient:ffffffffffff","2025-08-07 12:34:08","2025-08-07T05:34:08.000Z","-",9.92,,,,,,,,,,,,,,,,,,,,,,,,,,,,,,,
88633,"Average PM",,"Outdoor","airgradient:ffffffffffff","2025-08-07 12:33:07","2025-08-07T05:33:07.000Z","-",8.72,,,,,,,,,,,,,,,,,,,,,,,,,,,,,,,
88633,"Average PM",,"Outdoor","airgradient:ffffffffffff","2025-08-07 12:32:06","2025-08-07T05:32:06.000Z","-",9.280001,,,,,,,,,,,,,,,,,,,,,,,,,,,,,,,
88633,"Average PM",,"Outdoor","airgradient:ffffffffffff","2025-08-07 12:31:06","2025-08-07T05:31:06.000Z","-",9.08,,,,,,,,,,,,,,,,,,,,,,,,,,,,,,,
88633,"Average PM",,"Outdoor","airgradient:ffffffffffff","2025-08-07 12:30:05","2025-08-07T05:30:05.000Z","-",8.059999,,,,,,,,,,,,,,,,,,,,,,,,,,,,,,,
88633,"Average PM",,"Outdoor","airgradient:ffffffffffff","2025-08-07 12:29:04","2025-08-07T05:29:04.000Z","-",9.340001,,,,,,,,,,,,,,,,,,,,,,,,,,,,,,,
88633,"Average PM",,"Outdoor","airgradient:ffffffffffff","2025-08-07 12:28:04","2025-08-07T05:28:04.000Z","-",8.74,,,,,,,,,,,,,,,,,,,,,,,,,,,,,,,
88633,"Average PM",,"Outdoor","airgradient:ffffffffffff","2025-08-07 12:27:03","2025-08-07T05:27:03.000Z","-",8.540001,,,,,,,,,,,,,,,,,,,,,,,,,,,,,,,
88633,"Average PM",,"Outdoor","airgradient:ffffffffffff","2025-08-07 12:26:02","2025-08-07T05:26:02.000Z","-",9.400001,,,,,,,,,,,,,,,,,,,,,,,,,,,,,,,
88633,"Average PM",,"Outdoor","airgradient:ffffffffffff","2025-08-07 12:25:01","2025-08-07T05:25:01.000Z","-",10.58,,,,,,,,,,,,,,,,,,,,,,,,,,,,,,,
88633,"Average PM",,"Outdoor","airgradient:ffffffffffff","2025-08-07 12:24:00","2025-08-07T05:24:00.000Z","-",10.44,,,,,,,,,,,,,,,,,,,,,,,,,,,,,,,
88633,"Average PM",,"Outdoor","airgradient:ffffffffffff","2025-08-07 12:23:00","2025-08-07T05:23:00.000Z","-",11.3,,,,,,,,,,,,,,,,,,,,,,,,,,,,,,,
88633,"Average PM",,"Outdoor","airgradient:ffffffffffff","2025-08-07 12:22:00","2025-08-07T05:22:00.000Z","-",9.22,,,,,,,,,,,,,,,,,,,,,,,,,,,,,,,
88633,"Average PM",,"Outdoor","airgradient:ffffffffffff","2025-08-07 12:20:59","2025-08-07T05:20:59.000Z","-",10.16,,,,,,,,,,,,,,,,,,,,,,,,,,,,,,,
88633,"Average PM",,"Outdoor","airgradient:ffffffffffff","2025-08-07 12:19:58","2025-08-07T05:19:58.000Z","-",10.76,,,,,,,,,,,,,,,,,,,,,,,,,,,,,,,
88633,"Average PM",,"Outdoor","airgradient:ffffffffffff","2025-08-07 12:18:57","2025-08-07T05:18:57.000Z","-",10.82,,,,,,,,,,,,,,,,,,,,,,,,,,,,,,,
88633,"Average PM",,"Outdoor","airgradient:ffffffffffff","2025-08-07 12:17:56","2025-08-07T05:17:56.000Z","-",11.12,,,,,,,,,,,,,,,,,,,,,,,,,,,,,,,
88633,"Average PM",,"Outdoor","airgradient:ffffffffffff","2025-08-07 12:16:56","2025-08-07T05:16:56.000Z","-",9.76,,,,,,,,,,,,,,,,,,,,,,,,,,,,,,,
88633,"Average PM",,"Outdoor","airgradient:ffffffffffff","2025-08-07 12:15:56","2025-08-07T05:15:56.000Z","-",10,,,,,,,,,,,,,,,,,,,,,,,,,,,,,,,
88633,"Average PM",,"Outdoor","airgradient:ffffffffffff","2025-08-07 12:14:56","2025-08-07T05:14:56.000Z","-",8.98,,,,,,,,,,,,,,,,,,,,,,,,,,,,,,,
88633,"Average PM",,"Outdoor","airgradient:ffffffffffff","2025-08-07 12:13:55","2025-08-07T05:13:55.000Z","-",9.02,,,,,,,,,,,,,,,,,,,,,,,,,,,,,,,
88633,"Average PM",,"Outdoor","airgradient:ffffffffffff","2025-08-07 12:12:54","2025-08-07T05:12:54.000Z","-",9.18,,,,,,,,,,,,,,,,,,,,,,,,,,,,,,,
88633,"Average PM",,"Outdoor","airgradient:ffffffffffff","2025-08-07 12:11:53","2025-08-07T05:11:53.000Z","-",9.5,,,,,,,,,,,,,,,,,,,,,,,,,,,,,,,
88633,"Average PM",,"Outdoor","airgradient:ffffffffffff","2025-08-07 12:10:52","2025-08-07T05:10:52.000Z","-",8.740001,,,,,,,,,,,,,,,,,,,,,,,,,,,,,,,
88633,"Average PM",,"Outdoor","airgradient:ffffffffffff","2025-08-07 12:09:52","2025-08-07T05:09:52.000Z","-",7.960001,,,,,,,,,,,,,,,,,,,,,,,,,,,,,,,
88633,"Average PM",,"Outdoor","airgradient:ffffffffffff","2025-08-07 12:08:51","2025-08-07T05:08:51.000Z","-",6.02,,,,,,,,,,,,,,,,,,,,,,,,,,,,,,,
88633,"Average PM",,"Outdoor","airgradient:ffffffffffff","2025-08-07 12:07:50","2025-08-07T05:07:50.000Z","-",5.48,,,,,,,,,,,,,,,,,,,,,,,,,,,,,,,
88633,"Average PM",,"Outdoor","airgradient:ffffffffffff","2025-08-07 12:06:49","2025-08-07T05:06:49.000Z","-",5.08,,,,,,,,,,,,,,,,,,,,,,,,,,,,,,,
88633,"Average PM",,"Outdoor","airgradient:ffffffffffff","2025-08-07 12:05:48","2025-08-07T05:05:48.000Z","-",5.6,,,,,,,,,,,,,,,,,,,,,,,,,,,,,,,
88633,"Average PM",,"Outdoor","airgradient:ffffffffffff","2025-08-07 12:04:48","2025-08-07T05:04:48.000Z","-",5.6,,,,,,,,,,,,,,,,,,,,,,,,,,,,,,,
88633,"Average PM",,"Outdoor","airgradient:ffffffffffff","2025-08-07 12:03:47","2025-08-07T05:03:47.000Z","-",4.14,,,,,,,,,,,,,,,,,,,,,,,,,,,,,,,
88633,"Average PM",,"Outdoor","airgradient:ffffffffffff","2025-08-07 12:02:46","2025-08-07T05:02:46.000Z","-",4.2,,,,,,,,,,,,,,,,,,,,,,,,,,,,,,,
88633,"Average PM",,"Outdoor","airgradient:ffffffffffff","2025-08-07 12:01:46","2025-08-07T05:01:46.000Z","-",4.92,,,,,,,,,,,,,,,,,,,,,,,,,,,,,,,
88633,"Average PM",,"Outdoor","airgradient:ffffffffffff","2025-08-07 12:00:45","2025-08-07T05:00:45.000Z","-",4.38,,,,,,,,,,,,,,,,,,,,,,,,,,,,,,,
88633,"Average PM",,"Outdoor","airgradient:ffffffffffff","2025-08-07 11:59:44","2025-08-07T04:59:44.000Z","-",4.12,,,,,,,,,,,,,,,,,,,,,,,,,,,,,,,
88633,"Average PM",,"Outdoor","airgradient:ffffffffffff","2025-08-07 11:58:43","2025-08-07T04:58:43.000Z","-",4.14,,,,,,,,,,,,,,,,,,,,,,,,,,,,,,,
88633,"Average PM",,"Outdoor","airgradient:ffffffffffff","2025-08-07 11:57:42","2025-08-07T04:57:42.000Z","-",4.64,,,,,,,,,,,,,,,,,,,,,,,,,,,,,,,
88633,"Average PM",,"Outdoor","airgradient:ffffffffffff","2025-08-07 11:56:42","2025-08-07T04:56:42.000Z","-",4.94,,,,,,,,,,,,,,,,,,,,,,,,,,,,,,,
88633,"Average PM",,"Outdoor","airgradient:ffffffffffff","2025-08-07 11:55:41","2025-08-07T04:55:41.000Z","-",4.56,,,,,,,,,,,,,,,,,,,,,,,,,,,,,,,
88633,"Average PM",,"Outdoor","airgradient:ffffffffffff","2025-08-07 11:54:40","2025-08-07T04:54:40.000Z","-",4.86,,,,,,,,,,,,,,,,,,,,,,,,,,,,,,,
88633,"Average PM",,"Outdoor","airgradient:ffffffffffff","2025-08-07 11:53:39","2025-08-07T04:53:39.000Z","-",4.1,,,,,,,,,,,,,,,,,,,,,,,,,,,,,,,
88633,"Average PM",,"Outdoor","airgradient:ffffffffffff","2025-08-07 11:52:41","2025-08-07T04:52:41.000Z","-",3.88,,,,,,,,,,,,,,,,,,,,,,,,,,,,,,,
88633,"Average PM",,"Outdoor","airgradient:ffffffffffff","2025-08-07 11:51:41","2025-08-07T04:51:41.000Z","-",3.7,,,,,,,,,,,,,,,,,,,,,,,,,,,,,,,
88633,"Average PM",,"Outdoor","airgradient:ffffffffffff","2025-08-07 11:50:41","2025-08-07T04:50:41.000Z","-",4.72,,,,,,,,,,,,,,,,,,,,,,,,,,,,,,,
88633,"Average PM",,"Outdoor","airgradient:ffffffffffff","2025-08-07 11:49:40","2025-08-07T04:49:40.000Z","-",4.24,,,,,,,,,,,,,,,,,,,,,,,,,,,,,,,
88633,"Average PM",,"Outdoor","airgradient:ffffffffffff","2025-08-07 11:48:36","2025-08-07T04:48:36.000Z","-",4.24,,,,,,,,,,,,,,,,,,,,,,,,,,,,,,,
88633,"Average PM",,"Outdoor","airgradient:ffffffffffff","2025-08-07 11:47:35","2025-08-07T04:47:35.000Z","-",4.4,,,,,,,,,,,,,,,,,,,,,,,,,,,,,,,
88633,"Average PM",,"Outdoor","airgradient:ffffffffffff","2025-08-07 11:46:35","2025-08-07T04:46:35.000Z","-",4.48,,,,,,,,,,,,,,,,,,,,,,,,,,,,,,,
88633,"Average PM",,"Outdoor","airgradient:ffffffffffff","2025-08-07 11:45:34","2025-08-07T04:45:34.000Z","-",4.4,,,,,,,,,,,,,,,,,,,,,,,,,,,,,,,
88633,"Average PM",,"Outdoor","airgradient:ffffffffffff","2025-08-07 11:44:33","2025-08-07T04:44:33.000Z","-",4.72,,,,,,,,,,,,,,,,,,,,,,,,,,,,,,,
88633,"Average PM",,"Outdoor","airgradient:ffffffffffff","2025-08-07 11:43:32","2025-08-07T04:43:32.000Z","-",4.34,,,,,,,,,,,,,,,,,,,,,,,,,,,,,,,
88633,"Average PM",,"Outdoor","airgradient:ffffffffffff","2025-08-07 11:42:31","2025-08-07T04:42:31.000Z","-",4.56,,,,,,,,,,,,,,,,,,,,,,,,,,,,,,,
88633,"Average PM",,"Outdoor","airgradient:ffffffffffff","2025-08-07 11:41:31","2025-08-07T04:41:31.000Z","-",4.820001,,,,,,,,,,,,,,,,,,,,,,,,,,,,,,,
88633,"Average PM",,"Outdoor","airgradient:ffffffffffff","2025-08-07 11:40:30","2025-08-07T04:40:30.000Z","-",4.36,,,,,,,,,,,,,,,,,,,,,,,,,,,,,,,
88633,"Average PM",,"Outdoor","airgradient:ffffffffffff","2025-08-07 11:39:29","2025-08-07T04:39:29.000Z","-",4.32,,,,,,,,,,,,,,,,,,,,,,,,,,,,,,,
88633,"Average PM",,"Outdoor","airgradient:ffffffffffff","2025-08-07 11:38:28","2025-08-07T04:38:28.000Z","-",4.24,,,,,,,,,,,,,,,,,,,,,,,,,,,,,,,
88633,"Average PM",,"Outdoor","airgradient:ffffffffffff","2025-08-07 11:37:27","2025-08-07T04:37:27.000Z","-",3.78,,,,,,,,,,,,,,,,,,,,,,,,,,,,,,,
88633,"Average PM",,"Outdoor","airgradient:ffffffffffff","2025-08-07 11:36:26","2025-08-07T04:36:26.000Z","-",3.8,,,,,,,,,,,,,,,,,,,,,,,,,,,,,,,
88633,"Average PM",,"Outdoor","airgradient:ffffffffffff","2025-08-07 11:35:26","2025-08-07T04:35:26.000Z","-",4.42,,,,,,,,,,,,,,,,,,,,,,,,,,,,,,,
88633,"Average PM",,"Outdoor","airgradient:ffffffffffff","2025-08-07 11:34:25","2025-08-07T04:34:25.000Z","-",4.18,,,,,,,,,,,,,,,,,,,,,,,,,,,,,,,
88633,"Average PM",,"Outdoor","airgradient:ffffffffffff","2025-08-07 11:33:24","2025-08-07T04:33:24.000Z","-",4.3,,,,,,,,,,,,,,,,,,,,,,,,,,,,,,,
88633,"Average PM",,"Outdoor","airgradient:ffffffffffff","2025-08-07 11:32:23","2025-08-07T04:32:23.000Z","-",3.9,,,,,,,,,,,,,,,,,,,,,,,,,,,,,,,
88633,"Average PM",,"Outdoor","airgradient:ffffffffffff","2025-08-07 11:31:22","2025-08-07T04:31:22.000Z","-",3.92,,,,,,,,,,,,,,,,,,,,,,,,,,,,,,,
88633,"Average PM",,"Outdoor","airgradient:ffffffffffff","2025-08-07 11:30:21","2025-08-07T04:30:21.000Z","-",3.78,,,,,,,,,,,,,,,,,,,,,,,,,,,,,,,
88633,"Average PM",,"Outdoor","airgradient:ffffffffffff","2025-08-07 11:29:20","2025-08-07T04:29:20.000Z","-",4,,,,,,,,,,,,,,,,,,,,,,,,,,,,,,,
88633,"Average PM",,"Outdoor","airgradient:ffffffffffff","2025-08-07 11:28:20","2025-08-07T04:28:20.000Z","-",4.14,,,,,,,,,,,,,,,,,,,,,,,,,,,,,,,
88633,"Average PM",,"Outdoor","airgradient:ffffffffffff","2025-08-07 11:27:19","2025-08-07T04:27:19.000Z","-",3.9,,,,,,,,,,,,,,,,,,,,,,,,,,,,,,,
88633,"Average PM",,"Outdoor","airgradient:ffffffffffff","2025-08-07 11:26:18","2025-08-07T04:26:18.000Z","-",3.52,,,,,,,,,,,,,,,,,,,,,,,,,,,,,,,
88633,"Average PM",,"Outdoor","airgradient:ffffffffffff","2025-08-07 11:25:17","2025-08-07T04:25:17.000Z","-",4.58,,,,,,,,,,,,,,,,,,,,,,,,,,,,,,,
88633,"Average PM",,"Outdoor","airgradient:ffffffffffff","2025-08-07 11:24:16","2025-08-07T04:24:16.000Z","-",4.5,,,,,,,,,,,,,,,,,,,,,,,,,,,,,,,
88633,"Average PM",,"Outdoor","airgradient:ffffffffffff","2025-08-07 11:23:16","2025-08-07T04:23:16.000Z","-",4.18,,,,,,,,,,,,,,,,,,,,,,,,,,,,,,,
88633,"Average PM",,"Outdoor","airgradient:ffffffffffff","2025-08-07 11:22:15","2025-08-07T04:22:15.000Z","-",3.9,,,,,,,,,,,,,,,,,,,,,,,,,,,,,,,
88633,"Average PM",,"Outdoor","airgradient:ffffffffffff","2025-08-07 11:21:14","2025-08-07T04:21:14.000Z","-",3.84,,,,,,,,,,,,,,,,,,,,,,,,,,,,,,,
88633,"Average PM",,"Outdoor","airgradient:ffffffffffff","2025-08-07 11:20:13","2025-08-07T04:20:13.000Z","-",3.42,,,,,,,,,,,,,,,,,,,,,,,,,,,,,,,
88633,"Average PM",,"Outdoor","airgradient:ffffffffffff","2025-08-07 11:19:12","2025-08-07T04:19:12.000Z","-",4.44,,,,,,,,,,,,,,,,,,,,,,,,,,,,,,,
88633,"Average PM",,"Outdoor","airgradient:ffffffffffff","2025-08-07 11:18:12","2025-08-07T04:18:12.000Z","-",4.32,,,,,,,,,,,,,,,,,,,,,,,,,,,,,,,
88633,"Average PM",,"Outdoor","airgradient:ffffffffffff","2025-08-07 11:17:11","2025-08-07T04:17:11.000Z","-",4.06,,,,,,,,,,,,,,,,,,,,,,,,,,,,,,,
88633,"Average PM",,"Outdoor","airgradient:ffffffffffff","2025-08-07 11:16:10","2025-08-07T04:16:10.000Z","-",3.94,,,,,,,,,,,,,,,,,,,,,,,,,,,,,,,
88633,"Average PM",,"Outdoor","airgradient:ffffffffffff","2025-08-07 11:15:09","2025-08-07T04:15:09.000Z","-",3.66,,,,,,,,,,,,,,,,,,,,,,,,,,,,,,,
88633,"Average PM",,"Outdoor","airgradient:ffffffffffff","2025-08-07 11:14:09","2025-08-07T04:14:09.000Z","-",3.76,,,,,,,,,,,,,,,,,,,,,,,,,,,,,,,
88633,"Average PM",,"Outdoor","airgradient:ffffffffffff","2025-08-07 11:13:08","2025-08-07T04:13:08.000Z","-",4.34,,,,,,,,,,,,,,,,,,,,,,,,,,,,,,,
88633,"Average PM",,"Outdoor","airgradient:ffffffffffff","2025-08-07 11:12:07","2025-08-07T04:12:07.000Z","-",4.12,,,,,,,,,,,,,,,,,,,,,,,,,,,,,,,
88633,"Average PM",,"Outdoor","airgradient:ffffffffffff","2025-08-07 11:11:06","2025-08-07T04:11:06.000Z","-",3.82,,,,,,,,,,,,,,,,,,,,,,,,,,,,,,,
88633,"Average PM",,"Outdoor","airgradient:ffffffffffff","2025-08-07 11:10:06","2025-08-07T04:10:06.000Z","-",3.84,,,,,,,,,,,,,,,,,,,,,,,,,,,,,,,
88633,"Average PM",,"Outdoor","airgradient:ffffffffffff","2025-08-07 11:09:05","2025-08-07T04:09:05.000Z","-",3.38,,,,,,,,,,,,,,,,,,,,,,,,,,,,,,,
88633,"Average PM",,"Outdoor","airgradient:ffffffffffff","2025-08-07 11:08:04","2025-08-07T04:08:04.000Z","-",3.38,,,,,,,,,,,,,,,,,,,,,,,,,,,,,,,
88633,"Average PM",,"Outdoor","airgradient:ffffffffffff","2025-08-07 11:05:01","2025-08-07T04:05:01.000Z","-",5.48,,,,,,,,,,,,,,,,,,,,,,,,,,,,,,,
88633,"Average PM",,"Outdoor","airgradient:ffffffffffff","2025-08-07 11:04:01","2025-08-07T04:04:01.000Z","-",8.840001,,,,,,,,,,,,,,,,,,,,,,,,,,,,,,,
88633,"Average PM",,"Outdoor","airgradient:ffffffffffff","2025-08-07 11:03:01","2025-08-07T04:03:01.000Z","-",5.66,,,,,,,,,,,,,,,,,,,,,,,,,,,,,,,
88633,"Average PM",,"Outdoor","airgradient:ffffffffffff","2025-08-07 11:02:00","2025-08-07T04:02:00.000Z","-",4.78,,,,,,,,,,,,,,,,,,,,,,,,,,,,,,,
88633,"Average PM",,"Outdoor","airgradient:ffffffffffff","2025-08-07 11:00:59","2025-08-07T04:00:59.000Z","-",5.1,,,,,,,,,,,,,,,,,,,,,,,,,,,,,,,
88633,"Average PM",,"Outdoor","airgradient:ffffffffffff","2025-08-07 11:00:00","2025-08-07T04:00:00.000Z","-",4.84,,,,,,,,,,,,,,,,,,,,,,,,,,,,,,,
88633,"Average PM",,"Outdoor","airgradient:ffffffffffff","2025-08-07 10:58:58","2025-08-07T03:58:58.000Z","-",5.12,,,,,,,,,,,,,,,,,,,,,,,,,,,,,,,
88633,"Average PM",,"Outdoor","airgradient:ffffffffffff","2025-08-07 10:57:57","2025-08-07T03:57:57.000Z","-",4.7,,,,,,,,,,,,,,,,,,,,,,,,,,,,,,,
88633,"Average PM",,"Outdoor","airgradient:ffffffffffff","2025-08-07 10:56:56","2025-08-07T03:56:56.000Z","-",5.06,,,,,,,,,,,,,,,,,,,,,,,,,,,,,,,
88633,"Average PM",,"Outdoor","airgradient:ffffffffffff","2025-08-07 10:55:55","2025-08-07T03:55:55.000Z","-",5.56,,,,,,,,,,,,,,,,,,,,,,,,,,,,,,,
88633,"Average PM",,"Outdoor","airgradient:ffffffffffff","2025-08-07 10:54:54","2025-08-07T03:54:54.000Z","-",4.64,,,,,,,,,,,,,,,,,,,,,,,,,,,,,,,
88633,"Average PM",,"Outdoor","airgradient:ffffffffffff","2025-08-07 10:53:54","2025-08-07T03:53:54.000Z","-",4.86,,,,,,,,,,,,,,,,,,,,,,,,,,,,,,,
88633,"Average PM",,"Outdoor","airgradient:ffffffffffff","2025-08-07 10:52:53","2025-08-07T03:52:53.000Z","-",4.66,,,,,,,,,,,,,,,,,,,,,,,,,,,,,,,
88633,"Average PM",,"Outdoor","airgradient:ffffffffffff","2025-08-07 10:51:52","2025-08-07T03:51:52.000Z","-",5.3,,,,,,,,,,,,,,,,,,,,,,,,,,,,,,,
88633,"Average PM",,"Outdoor","airgradient:ffffffffffff","2025-08-07 10:50:51","2025-08-07T03:50:51.000Z","-",5.08,,,,,,,,,,,,,,,,,,,,,,,,,,,,,,,
88633,"Average PM",,"Outdoor","airgradient:ffffffffffff","2025-08-07 10:49:51","2025-08-07T03:49:51.000Z","-",4.66,,,,,,,,,,,,,,,,,,,,,,,,,,,,,,,
88633,"Average PM",,"Outdoor","airgradient:ffffffffffff","2025-08-07 10:48:50","2025-08-07T03:48:50.000Z","-",4.900001,,,,,,,,,,,,,,,,,,,,,,,,,,,,,,,
88633,"Average PM",,"Outdoor","airgradient:ffffffffffff","2025-08-07 10:47:49","2025-08-07T03:47:49.000Z","-",5.88,,,,,,,,,,,,,,,,,,,,,,,,,,,,,,,
88633,"Average PM",,"Outdoor","airgradient:ffffffffffff","2025-08-07 10:46:48","2025-08-07T03:46:48.000Z","-",4.48,,,,,,,,,,,,,,,,,,,,,,,,,,,,,,,
88633,"Average PM",,"Outdoor","airgradient:ffffffffffff","2025-08-07 10:45:48","2025-08-07T03:45:48.000Z","-",4.5,,,,,,,,,,,,,,,,,,,,,,,,,,,,,,,
88633,"Average PM",,"Outdoor","airgradient:ffffffffffff","2025-08-07 10:44:47","2025-08-07T03:44:47.000Z","-",4.7,,,,,,,,,,,,,,,,,,,,,,,,,,,,,,,
88633,"Average PM",,"Outdoor","airgradient:ffffffffffff","2025-08-07 10:43:46","2025-08-07T03:43:46.000Z","-",4.94,,,,,,,,,,,,,,,,,,,,,,,,,,,,,,,
88633,"Average PM",,"Outdoor","airgradient:ffffffffffff","2025-08-07 10:42:45","2025-08-07T03:42:45.000Z","-",4.72,,,,,,,,,,,,,,,,,,,,,,,,,,,,,,,
88633,"Average PM",,"Outdoor","airgradient:ffffffffffff","2025-08-07 10:41:44","2025-08-07T03:41:44.000Z","-",5.42,,,,,,,,,,,,,,,,,,,,,,,,,,,,,,,
88633,"Average PM",,"Outdoor","airgradient:ffffffffffff","2025-08-07 10:40:45","2025-08-07T03:40:45.000Z","-",5.12,,,,,,,,,,,,,,,,,,,,,,,,,,,,,,,
88633,"Average PM",,"Outdoor","airgradient:ffffffffffff","2025-08-07 10:39:45","2025-08-07T03:39:45.000Z","-",4.9,,,,,,,,,,,,,,,,,,,,,,,,,,,,,,,
88633,"Average PM",,"Outdoor","airgradient:ffffffffffff","2025-08-07 10:38:44","2025-08-07T03:38:44.000Z","-",4.38,,,,,,,,,,,,,,,,,,,,,,,,,,,,,,,
88633,"Average PM",,"Outdoor","airgradient:ffffffffffff","2025-08-07 10:37:43","2025-08-07T03:37:43.000Z","-",5.06,,,,,,,,,,,,,,,,,,,,,,,,,,,,,,,
88633,"Average PM",,"Outdoor","airgradient:ffffffffffff","2025-08-07 10:36:42","2025-08-07T03:36:42.000Z","-",4.88,,,,,,,,,,,,,,,,,,,,,,,,,,,,,,,
88633,"Average PM",,"Outdoor","airgradient:ffffffffffff","2025-08-07 10:35:41","2025-08-07T03:35:41.000Z","-",5.12,,,,,,,,,,,,,,,,,,,,,,,,,,,,,,,
88633,"Average PM",,"Outdoor","airgradient:ffffffffffff","2025-08-07 10:34:41","2025-08-07T03:34:41.000Z","-",5.4,,,,,,,,,,,,,,,,,,,,,,,,,,,,,,,
88633,"Average PM",,"Outdoor","airgradient:ffffffffffff","2025-08-07 10:33:40","2025-08-07T03:33:40.000Z","-",5.76,,,,,,,,,,,,,,,,,,,,,,,,,,,,,,,
88633,"Average PM",,"Outdoor","airgradient:ffffffffffff","2025-08-07 10:32:39","2025-08-07T03:32:39.000Z","-",4.76,,,,,,,,,,,,,,,,,,,,,,,,,,,,,,,
88633,"Average PM",,"Outdoor","airgradient:ffffffffffff","2025-08-07 10:31:38","2025-08-07T03:31:38.000Z","-",4.72,,,,,,,,,,,,,,,,,,,,,,,,,,,,,,,
88633,"Average PM",,"Outdoor","airgradient:ffffffffffff","2025-08-07 10:30:37","2025-08-07T03:30:37.000Z","-",5.52,,,,,,,,,,,,,,,,,,,,,,,,,,,,,,,
88633,"Average PM",,"Outdoor","airgradient:ffffffffffff","2025-08-07 10:29:37","2025-08-07T03:29:37.000Z","-",5.62,,,,,,,,,,,,,,,,,,,,,,,,,,,,,,,
88633,"Average PM",,"Outdoor","airgradient:ffffffffffff","2025-08-07 10:28:36","2025-08-07T03:28:36.000Z","-",6,,,,,,,,,,,,,,,,,,,,,,,,,,,,,,,
88633,"Average PM",,"Outdoor","airgradient:ffffffffffff","2025-08-07 10:27:35","2025-08-07T03:27:35.000Z","-",5.38,,,,,,,,,,,,,,,,,,,,,,,,,,,,,,,
88633,"Average PM",,"Outdoor","airgradient:ffffffffffff","2025-08-07 10:26:34","2025-08-07T03:26:34.000Z","-",3.64,,,,,,,,,,,,,,,,,,,,,,,,,,,,,,,
88633,"Average PM",,"Outdoor","airgradient:ffffffffffff","2025-08-07 10:25:33","2025-08-07T03:25:33.000Z","-",3.8,,,,,,,,,,,,,,,,,,,,,,,,,,,,,,,
88633,"Average PM",,"Outdoor","airgradient:ffffffffffff","2025-08-07 10:24:32","2025-08-07T03:24:32.000Z","-",4.06,,,,,,,,,,,,,,,,,,,,,,,,,,,,,,,
88633,"Average PM",,"Outdoor","airgradient:ffffffffffff","2025-08-07 10:23:32","2025-08-07T03:23:32.000Z","-",4.1,,,,,,,,,,,,,,,,,,,,,,,,,,,,,,,
88633,"Average PM",,"Outdoor","airgradient:ffffffffffff","2025-08-07 10:22:31","2025-08-07T03:22:31.000Z","-",4.04,,,,,,,,,,,,,,,,,,,,,,,,,,,,,,,
88633,"Average PM",,"Outdoor","airgradient:ffffffffffff","2025-08-07 10:21:30","2025-08-07T03:21:30.000Z","-",4.36,,,,,,,,,,,,,,,,,,,,,,,,,,,,,,,
88633,"Average PM",,"Outdoor","airgradient:ffffffffffff","2025-08-07 10:20:32","2025-08-07T03:20:32.000Z","-",3.98,,,,,,,,,,,,,,,,,,,,,,,,,,,,,,,
88633,"Average PM",,"Outdoor","airgradient:ffffffffffff","2025-08-07 10:19:32","2025-08-07T03:19:32.000Z","-",4.28,,,,,,,,,,,,,,,,,,,,,,,,,,,,,,,
88633,"Average PM",,"Outdoor","airgradient:ffffffffffff","2025-08-07 10:18:31","2025-08-07T03:18:31.000Z","-",4.28,,,,,,,,,,,,,,,,,,,,,,,,,,,,,,,
88633,"Average PM",,"Outdoor","airgradient:ffffffffffff","2025-08-07 10:17:28","2025-08-07T03:17:28.000Z","-",4.26,,,,,,,,,,,,,,,,,,,,,,,,,,,,,,,
88633,"Average PM",,"Outdoor","airgradient:ffffffffffff","2025-08-07 10:16:27","2025-08-07T03:16:27.000Z","-",4.24,,,,,,,,,,,,,,,,,,,,,,,,,,,,,,,
88633,"Average PM",,"Outdoor","airgradient:ffffffffffff","2025-08-07 10:15:26","2025-08-07T03:15:26.000Z","-",3.82,,,,,,,,,,,,,,,,,,,,,,,,,,,,,,,
88633,"Average PM",,"Outdoor","airgradient:ffffffffffff","2025-08-07 10:14:25","2025-08-07T03:14:25.000Z","-",4.38,,,,,,,,,,,,,,,,,,,,,,,,,,,,,,,
88633,"Average PM",,"Outdoor","airgradient:ffffffffffff","2025-08-07 10:13:25","2025-08-07T03:13:25.000Z","-",4.78,,,,,,,,,,,,,,,,,,,,,,,,,,,,,,,
88633,"Average PM",,"Outdoor","airgradient:ffffffffffff","2025-08-07 10:12:24","2025-08-07T03:12:24.000Z","-",4.68,,,,,,,,,,,,,,,,,,,,,,,,,,,,,,,
88633,"Average PM",,"Outdoor","airgradient:ffffffffffff","2025-08-07 10:11:23","2025-08-07T03:11:23.000Z","-",4.26,,,,,,,,,,,,,,,,,,,,,,,,,,,,,,,
88633,"Average PM",,"Outdoor","airgradient:ffffffffffff","2025-08-07 10:10:22","2025-08-07T03:10:22.000Z","-",4.4,,,,,,,,,,,,,,,,,,,,,,,,,,,,,,,
88633,"Average PM",,"Outdoor","airgradient:ffffffffffff","2025-08-07 10:09:22","2025-08-07T03:09:22.000Z","-",4.02,,,,,,,,,,,,,,,,,,,,,,,,,,,,,,,
88633,"Average PM",,"Outdoor","airgradient:ffffffffffff","2025-08-07 10:08:21","2025-08-07T03:08:21.000Z","-",3.84,,,,,,,,,,,,,,,,,,,,,,,,,,,,,,,
88633,"Average PM",,"Outdoor","airgradient:ffffffffffff","2025-08-07 10:07:20","2025-08-07T03:07:20.000Z","-",4.38,,,,,,,,,,,,,,,,,,,,,,,,,,,,,,,
88633,"Average PM",,"Outdoor","airgradient:ffffffffffff","2025-08-07 10:06:19","2025-08-07T03:06:19.000Z","-",4.06,,,,,,,,,,,,,,,,,,,,,,,,,,,,,,,
88633,"Average PM",,"Outdoor","airgradient:ffffffffffff","2025-08-07 10:05:19","2025-08-07T03:05:19.000Z","-",3.9,,,,,,,,,,,,,,,,,,,,,,,,,,,,,,,
88633,"Average PM",,"Outdoor","airgradient:ffffffffffff","2025-08-07 10:04:18","2025-08-07T03:04:18.000Z","-",3.94,,,,,,,,,,,,,,,,,,,,,,,,,,,,,,,
88633,"Average PM",,"Outdoor","airgradient:ffffffffffff","2025-08-07 10:03:17","2025-08-07T03:03:17.000Z","-",4.46,,,,,,,,,,,,,,,,,,,,,,,,,,,,,,,
88633,"Average PM",,"Outdoor","airgradient:ffffffffffff","2025-08-07 10:02:16","2025-08-07T03:02:16.000Z","-",4.4,,,,,,,,,,,,,,,,,,,,,,,,,,,,,,,
88633,"Average PM",,"Outdoor","airgradient:ffffffffffff","2025-08-07 10:01:15","2025-08-07T03:01:15.000Z","-",4.92,,,,,,,,,,,,,,,,,,,,,,,,,,,,,,,
88633,"Average PM",,"Outdoor","airgradient:ffffffffffff","2025-08-07 10:00:14","2025-08-07T03:00:14.000Z","-",4.4,,,,,,,,,,,,,,,,,,,,,,,,,,,,,,,
88633,"Average PM",,"Outdoor","airgradient:ffffffffffff","2025-08-07 09:59:13","2025-08-07T02:59:13.000Z","-",4.7,,,,,,,,,,,,,,,,,,,,,,,,,,,,,,,
88633,"Average PM",,"Outdoor","airgradient:ffffffffffff","2025-08-07 09:58:13","2025-08-07T02:58:13.000Z","-",4.64,,,,,,,,,,,,,,,,,,,,,,,,,,,,,,,
88633,"Average PM",,"Outdoor","airgradient:ffffffffffff","2025-08-07 09:57:13","2025-08-07T02:57:13.000Z","-",4.86,,,,,,,,,,,,,,,,,,,,,,,,,,,,,,,
88633,"Average PM",,"Outdoor","airgradient:ffffffffffff","2025-08-07 09:56:12","2025-08-07T02:56:12.000Z","-",4.22,,,,,,,,,,,,,,,,,,,,,,,,,,,,,,,
88633,"Average PM",,"Outdoor","airgradient:ffffffffffff","2025-08-07 09:55:11","2025-08-07T02:55:11.000Z","-",4.14,,,,,,,,,,,,,,,,,,,,,,,,,,,,,,,
88633,"Average PM",,"Outdoor","airgradient:ffffffffffff","2025-08-07 09:54:10","2025-08-07T02:54:10.000Z","-",4.1,,,,,,,,,,,,,,,,,,,,,,,,,,,,,,,
88633,"Average PM",,"Outdoor","airgradient:ffffffffffff","2025-08-07 09:53:10","2025-08-07T02:53:10.000Z","-",4.62,,,,,,,,,,,,,,,,,,,,,,,,,,,,,,,
88633,"Average PM",,"Outdoor","airgradient:ffffffffffff","2025-08-07 09:52:09","2025-08-07T02:52:09.000Z","-",5.36,,,,,,,,,,,,,,,,,,,,,,,,,,,,,,,
88633,"Average PM",,"Outdoor","airgradient:ffffffffffff","2025-08-07 09:51:08","2025-08-07T02:51:08.000Z","-",4.94,,,,,,,,,,,,,,,,,,,,,,,,,,,,,,,
88633,"Average PM",,"Outdoor","airgradient:ffffffffffff","2025-08-07 09:50:08","2025-08-07T02:50:08.000Z","-",5.24,,,,,,,,,,,,,,,,,,,,,,,,,,,,,,,
88633,"Average PM",,"Outdoor","airgradient:ffffffffffff","2025-08-07 09:49:07","2025-08-07T02:49:07.000Z","-",5.5,,,,,,,,,,,,,,,,,,,,,,,,,,,,,,,
88633,"Average PM",,"Outdoor","airgradient:ffffffffffff","2025-08-07 09:48:06","2025-08-07T02:48:06.000Z","-",5.88,,,,,,,,,,,,,,,,,,,,,,,,,,,,,,,
88633,"Average PM",,"Outdoor","airgradient:ffffffffffff","2025-08-07 09:47:05","2025-08-07T02:47:05.000Z","-",4.92,,,,,,,,,,,,,,,,,,,,,,,,,,,,,,,
88633,"Average PM",,"Outdoor","airgradient:ffffffffffff","2025-08-07 09:46:05","2025-08-07T02:46:05.000Z","-",3.66,,,,,,,,,,,,,,,,,,,,,,,,,,,,,,,
88633,"Average PM",,"Outdoor","airgradient:ffffffffffff","2025-08-07 09:40:26","2025-08-07T02:40:26.000Z","-",4.08,,,,,,,,,,,,,,,,,,,,,,,,,,,,,,,
88633,"Average PM",,"Outdoor","airgradient:ffffffffffff","2025-08-07 09:39:25","2025-08-07T02:39:25.000Z","-",3.18,,,,,,,,,,,,,,,,,,,,,,,,,,,,,,,
88633,"Average PM",,"Outdoor","airgradient:ffffffffffff","2025-08-07 09:33:28","2025-08-07T02:33:28.000Z","-",0,,,,,,,,,,,,,,,,,,,,,,,,,,,,,,,